LOCALITATEA;CODUL POŞTAL;CENTRUL POŞTAL
ABACLIA;MD-6711;BASARABEASCA
ACUI;MD-7311;CANTEMIR
AFANASIEVCA;MD-4513;DUBĂSARI TR.
AGRONOMOVCA;MD-3611;UNGHENI
ALAVA;MD-4211;ŞTEFAN-VODĂ
ALBINA;MD-4111;CIMIŞLIA
ALBINEŢUL NOU;MD-5911;FĂLEŞTI
ALBINEŢUL VECHI;MD-5911;FĂLEŞTI
ALBINIŢA;MD-6501;ANENII NOI
ALBOTA DE JOS;MD-7411;TARACLIA
ALBOTA DE SUS;MD-7412;TARACLIA
ALCEDAR;MD-7211;ŞOLDĂNEŞTI
ALEXANDRENI;MD-4612;EDINEŢ
ALEXĂNDRENI;MD-6211;SÎNGEREI
ALEXĂNDREŞTI;MD-3916;CAHUL
ALEXĂNDREŞTI;MD-5611;RÎŞCANI
ALEXANDRFELD;MD-5314;CAHUL
ALEXANDROVCA;MD-6613;CAMENCA TR.
ALEXANDROVCA;MD-7337;CANTEMIR
ALEXANDROVCA;MD-5039;FLOREŞTI
ALEXANDROVCA;MD-7721;IALOVENI
ALEXANDROVCA NOUĂ;MD-4513;DUBĂSARI TR.
ALEXANDRU CEL BUN;MD-3050;SOROCA
ALEXANDRU IOAN CUZA;MD-5311;CAHUL
ALEXEEVCA;MD-3822;COMRAT
ALEXEEVCA;MD-4611;EDINEŢ
ALEXEEVCA;MD-5011;FLOREŞTI
ALEXEEVCA;MD-3612;UNGHENI
ALEXEUCA;MD-6220;SÎNGEREI
ALUATU;MD-7413;TARACLIA
ALUNIŞ;MD-5612;RÎŞCANI
ANDREEVCA;MD-3556;ORHEI
ANDREEVCA;MD-5511;RÎBNIŢA TR.
ANDRIAŞEVCA NOUĂ;MD-5711;SLOBOZIA TR.
ANDRIAŞEVCA VECHE;MD-5711;SLOBOZIA TR.
ANDRUŞUL DE JOS;MD-3911;CAHUL
ANDRUŞUL DE SUS;MD-3912;CAHUL
ANENII NOI;MD-6500;ANENII NOI 
ANINI;MD-3411;HÎNCEŞTI
ANTONEŞTI;MD-7312;CANTEMIR
ANTONEŞTI;MD-4212;ŞTEFAN-VODĂ
ANTONEUCA;MD-5211;DROCHIA
ANTONOVCA;MD-5032;FLOREŞTI
ANTONOVCA;MD-6235;SÎNGEREI
ARIONEŞTI;MD-5111;DONDUŞENI
ARMANCA;MD-5642;RÎŞCANI
ARTIMONOVCA;MD-4123;CIMIŞLIA
AVDARMA;MD-3817;COMRAT
AVRĂMENI;MD-5614;RÎŞCANI
BACCEALIA;MD-4311;CĂUŞENI
BĂCIOI;MD-6812;CHIŞINĂU
BĂCŞENI;MD-6411;NISPORENI
BĂDICENI;MD-3011;SOROCA
BADICUL MOLDOVENESC;MD-3913;CAHUL
BĂDRAGII NOI;MD-4614;EDINEŢ
BĂDRAGII VECHI;MD-4613;EDINEŢ
BAHMUT GARA;MD-4411;CĂLĂRAŞI
BAHMUT SATUL;MD-4412;CĂLĂRAŞI
BĂHRINEŞTI;MD-5012;FLOREŞTI
BAHU;MD-4413;CĂLĂRAŞI
BAIMACLIA;MD-7313;CANTEMIR
BAIMACLIA;MD-7711;CAUŞENI
BĂIUŞI;MD-6311;LEOVA
BĂLĂBĂNEŞTI;MD-4811;CRIULENI
BALABANU;MD-7414;TARACLIA
BĂLĂNEŞTI;MD-6412;NISPORENI
BALANUL NOU;MD-5603;RÎŞCANI
BĂLĂŞEŞTI;MD-4836;CRIULENI
BĂLĂŞEŞTI;MD-6212;SÎNGEREI
BALASINEŞTI;MD-4711;BRICENI
BALATINA;MD-4911;GLODENI
BĂLĂUREŞTI;MD-6413;NISPORENI
BĂLCĂUŢI;MD-4712;BRICENI
BĂLCEANA;MD-3412;HÎNCEŞTI
BALINŢI;MD-3013;SOROCA
BALINŢII NOI;MD-3013;SOROCA
BALMAZ;MD-6537;ANENII NOI 
BĂLŢATA;MD-4812;CRIULENI
BĂLŢATA DE SUS;MD-4812;CRIULENI
BĂLŢAŢI;MD-6828;IALOVENI
BĂLŢI;MD-3100;BĂLŢI
BĂNEŞTI;MD-5811;TELENEŞTI
BĂNEŞTII NOI;MD-5811;TELENEŞTI
BARABOI;MD-5112;DONDUŞENI
BARBOIENI;MD-6414;NISPORENI
BARDAR;MD-6811;IALOVENI
BARONCEA;MD-5212;DROCHIA
BARONCEA NOUĂ;MD-5202;DROCHIA
BASARABCA;MD-5525;RÎBNIŢA TR.
BASARABEASCA;MD-6700;BASARABEASCA
BAŞCALIA;MD-6712;BASARABEASCA
BATÎC;MD-6516;ANENII NOI
BATÎR;MD-7712;CIMIŞLIA
BAURCI;MD-7714;CĂUŞENI
BAURCI;MD-6111;CEADÎR-LUNGA
BAURCI-MOLDOVENI;MD-3914;CAHUL
BĂXANI;MD-3012;SOROCA
BELEAVINŢI;MD-4725;BRICENI
BELEUŢI;MD-5936;FĂLEŞTI
BELOCI;MD-5512;RÎBNIŢA TR.
BENDER;MD-3200;BENDER TR.
BEREZLOGI;MD-3511;ORHEI
BEREZOVCA;MD-7111;OCNIŢA
BERIOZCHI;MD-6501;ANENII NOI
BERLINŢI;MD-4713;BRICENI
BERTOVCA;MD-6324;LEOVA
BEŞALMA;MD-3811;COMRAT
BEŞGHIOZ;MD-6112;CEADÎR-LUNGA
BEŞTEMAC;MD-6312;LEOVA
BEZEDA;MD-4714;BRICENI
BEZENI;MD-5027;FLOREŞTI
BÎC;MD-2081;CHIŞINĂU
BÎCIOC;MD-4011;GRIGORIOPOL TR.
BIEŞTI;MD-3512;ORHEI
BILICENII NOI;MD-6213;SÎNGEREI
BILICENII VECHI;MD-6214;SÎNGEREI
BÎRLĂDENI;MD-7112;OCNIŢA
BÎRNOVA;MD-7113;OCNIŢA
BIRUINŢA;MD-6202;SÎNGEREI
BISERICANI;MD-4912;GLODENI
BLEŞTENI;MD-4615;EDINEŢ
BLIJNII HUTOR;MD-5712;SLOBOZIA TR.
BLINDEŞTI;MD-3644;UNGHENI
BOBEICA;MD-3413;HÎNCEŞTI
BOBLETICI;MD-6219;SÎNGEREI
BOBOCICA;MD-7324;CANTEMIR
BOBULEŞTI;MD-5023;FLOREŞTI
BOCANCEA-SCHIT;MD-6224;SÎNGEREI
BOCANI;MD-5912;FĂLEŞTI
BOCICĂUŢI;MD-4712;BRICENI
BOCŞA;MD-5946;FĂLEŞTI
BODENI;MD-6628;CAMENCA TR.
BOGDĂNEŞTI;MD-4715;BRICENI
BOGDANOVCA;MD-6715;BASARABEASCA
BOGDANOVCA NOUĂ;MD-4112;CIMIŞLIA
BOGDANOVCA VECHE;MD-4112;CIMIŞLIA
BOGHENII NOI;MD-3613;UNGHENI
BOGHENII VECHI;MD-3614;UNGHENI
BOGHICENI;MD-3414;HÎNCEŞTI
BOGZEŞTI;MD-5812;TELENEŞTI
BOLDUREŞTI;MD-6415;NISPORENI
BOLOHAN;MD-3513;ORHEI
BOLŢUN;MD-6416;NISPORENI
BONDAREUCA;MD-5839;TELENEŞTI
BORCIAG;MD-7415;CAHUL
BOROGANI;MD-6335;LEOVA
BOROSENI;MD-5121;DONDUŞENI
BOROSENII NOI;MD-5613;RÎŞCANI
BOSCA;MD-4522;DUBĂSARI TR.
BOŞCANA;MD-4813;CRIULENI
BOŞERNIŢA  ;MD-5401;REZINA
BOTNĂREŞTI;MD-6511;ANENII NOI
BOTNĂREŞTII NOI;MD-6511;ANENII NOI
BOZIENI;MD-3415;HÎNCEŞTI
BRAICĂU;MD-5113;DONDUŞENI
BRĂILA;MD-6812;CHIŞINĂU
BRĂNEŞTI;MD-3515;ORHEI
BRANIŞTE;MD-5614;RÎŞCANI
BRATIANOVCA;MD-3446;HÎNCEŞTI
BRĂTULENI;MD-6417;NISPORENI
BRĂTUŞENI;MD-4617;EDINEŢ
BRĂTUŞENII NOI;MD-4618;EDINEŢ
BRAVICEA;MD-4414;CĂLĂRAŞI
BRĂVICENI;MD-3514;ORHEI
BREANOVA;MD-3516;ORHEI
BREJENI;MD-6217;SÎNGEREI
BREZOAIA;MD-4213;ŞTEFAN-VODĂ
BRICENI;MD-5114;DONDUŞENI
BRICENI ;MD-4700;BRICENI
BRICEVA;MD-5115;DONDUŞENI
BRÎNZA;MD-5312;CAHUL
BRÎNZENI;MD-4619;EDINEŢ
BRÎNZENI;MD-4915;GLODENI
BRÎNZENII NOI;MD-5813;TELENEŞTI
BRÎNZENII VECHI;MD-5813;TELENEŞTI
BROŞTENI;MD-5513;RÎBNIŢA TR.
BRUSLACHI;MD-4019;GRIGORIOPOL TR.
BUBUIECI;MD-2081;CHIŞINĂU
BUCIUMENI;MD-3627;UNGHENI
BUCIUŞCA;MD-5432;REZINA
BUCOVĂŢ;MD-3711;STRĂŞENI
BUCURIA;MD-3915;CAHUL
BUDA;MD-4415;CĂLĂRAŞI
BUDĂI;MD-6828;IALOVENI
BUDĂI;MD-3547;ORHEI
BUDĂI;MD-7416;TARACLIA
BUDĂI;MD-5810;TELENEŞTI
BUDEŞTI;MD-4814;CHIŞINĂU
BUGIAC;MD-3812;COMRAT
BUJOR;MD-3416;HÎNCEŞTI
BULĂIEŞTI;MD-3517;ORHEI
BULARDA;MD-4418;CĂLĂRAŞI
BULBOACA;MD-6512;ANENII NOI
BULBOACA;MD-4716;BRICENI
BULBOCI;MD-3014;SOROCA
BULBOCII NOI;MD-3014;SOROCA
BULGĂRICA;MD-6324;LEOVA
BULHAC;MD-5640;RÎŞCANI
BULHAC;MD-3647;UNGHENI
BUMBĂTA;MD-3615;UNGHENI
BUNEŢI;MD-2092;CHIŞINĂU
BURGHELEA;MD-5920;FĂLEŞTI
BURLĂCENI;MD-5315;CAHUL
BURLACU;MD-3916;CAHUL
BURLĂNEŞTI;MD-4620;EDINEŢ
BURSUC;MD-6645;FLOREŞTI
BURSUC;MD-6442;NISPORENI
BURSUCENI;MD-6215;SÎNGEREI
BUŞĂUCA;MD-5411;REZINA
BUSCHI;MD-5503;RÎBNIŢA TR.
BUŞILA;MD-3616 ;UNGHENI
BUŢENI;MD-3417;HÎNCEŞTI
BUTEŞTI;MD-4913;GLODENI
BUTOR;MD-4012;GRIGORIOPOL TR.
BUTUCENI;MD-3552;ORHEI
BUTUCENI;MD-5514;RÎBNIŢA TR.
BUZDUGANII DE JOS;MD-3651;UNGHENI
BUZDUGANII DE SUS;MD-3651;UNGHENI
BUZDUGENI;MD-4620;EDINEŢ
CĂBĂIEŞTI;MD-4416;CĂLĂRAŞI
CAHUL;MD-3900;CAHUL
CĂINARI;MD-7701;CĂUŞENI
CĂINARII VECHI;MD-3015;SOROCA
CAIRACLIA;MD-7417;TARACLIA
CAJBA;MD-4914;GLODENI
CĂLĂRAŞI;MD-4400;CĂLĂRAŞI
CALARAŞOVCA;MD-7114;OCNIŢA
CALFA;MD-6513;ANENII NOI
CALFA NOUĂ;MD-6513;ANENII NOI
CĂLIMĂNEŞTI;MD-6419;NISPORENI
CĂLINEŞTI;MD-5913;FĂLEŞTI
CALINOVCA;MD-4513;DUBĂSARI TR.
CĂLMĂŢUI;MD-3418;HÎNCEŞTI
CĂLUGĂR;MD-5914;FĂLEŞTI
CAMENCA;MD-6600;CAMENCA TR.
CAMENCA;MD-4915;GLODENI
CAMENCEA;MD-3526;ORHEI
CAMENCUŢA;MD-4920;GLODENI
CĂNARI GARA;MD-7702;CĂUŞENI
CANIA;MD-7314;CANTEMIR
CANTEMIR;MD-7300;CANTEMIR
CAPACLIA;MD-7315;CANTEMIR
CĂPLANI;MD-4215;ŞTEFAN-VODĂ
CĂPREŞTI;MD-5033;FLOREŞTI
CĂPRIANA;MD-3712;STRĂŞENI
CĂPRINEANCA;MD-3446;HÎNCEŞTI
CĂPRINENI;MD-3420;HÎNCEŞTI
CARABETOVCA;MD-6713;BASARABEASCA
CARABIBER;MD-6715;BASARABEASCA
CARACUI;MD-3419;HÎNCEŞTI
CARACUŞENII NOI;MD-4717;BRICENI
CARACUŞENII VECHI;MD-4718;BRICENI
CARAGAŞ;MD-5713;SLOBOZIA TR.
CARAHASANI;MD-4214;ŞTEFAN-VODĂ
CARAIMAN;MD-5123;DONDUŞENI
CARBALIA;MD-5355;COMRAT
CĂRBUNA;MD-7713;IALOVENI
CARMANOVA;MD-4013;GRIGORIOPOL TR.
CAŞUNCA;MD-5013;FLOREŞTI
CĂŢELENI;MD-6420;HÎNCEŞTI
CATERINIVCA;MD-6611;CAMENCA TR.
CATRANÎC;MD-5915;FĂLEŞTI
CATRANÎC GARA;MD-5916;FĂLEŞTI
CĂUŞENI;MD-4300;CĂUŞENI
CAZACLIA;MD-6113;CEADÎR-LUNGA
CĂZĂNEŞTI;MD-5814;TELENEŞTI
CAZANGIC;MD-6313;LEOVA
CEADĂR-LUNGA;MD-6100;CEADÎR-LUNGA
CEADÎR;MD-6314;LEOVA
CEALÎC;MD-7419;TARACLIA
CEAPAEVCA;MD-5231;DROCHIA
CENAC;MD-4113;CIMIŞLIA
CENUŞA;MD-5036;FLOREŞTI
CEPĂRIA;MD-5640;RÎŞCANI
CEPELEUŢI;MD-7115;EDINEŢ
CERLINA;MD-6641;SOROCA
CERNIOLEUCA;MD-5116;DONDUŞENI
CERNIŢA;MD-5014;FLOREŞTI
CERNIŢA;MD-4014;GRIGORIOPOL TR.
CEROBORTA;MD-2085;CHIŞINĂU
CETIRENI;MD-3617;UNGHENI
CHELTUITORI;MD-2092;CHIŞINĂU
CHERSAC;MD-5827;TELENEŞTI
CHETRIŞ;MD-5917;FĂLEŞTI
CHETRIŞUL NOU;MD-5917;FĂLEŞTI
CHETROŞENI;MD-3437;HÎNCEŞTI
CHETROŞICA NOUĂ;MD-4621;EDINEŢ
CHETROŞICA VECHE;MD-4626;EDINEŢ
CHETROSU;MD-6514;ANENII NOI
CHETROSU;MD-4816;CRIULENI
CHETROSU;MD-5213;DROCHIA
CHILIŞOAIA;MD-6415;NISPORENI
CHIOSELIA;MD-7316;CANTEMIR
CHIOSELIA MARE;MD-3934;CAHUL
CHIOSELIA RUSĂ;MD-3814;COMRAT
CHIPEŞCA;MD-7212;ŞOLDĂNEŞTI
CHIPIRCENI;MD-3518;ORHEI
CHIRCA;MD-6515;ANENII NOI
CHIRCĂEŞTI;MD-4312;CĂUŞENI
CHIRCĂEŞTII NOI;MD-7714;CĂUŞENI
CHIRCANI;MD-3919;CAHUL
CHIRIANCA;MD-3713;STRĂŞENI
CHIRIET LUNGA;MD-6117;CEADÎR-LUNGA
CHIRILENI;MD-6228;SÎNGEREI
CHIRILENI;MD-3618;UNGHENI
CHIRILOVCA;MD-4729;BRICENI
CHIRILOVCA;MD-5019;FLOREŞTI
CHIRILOVCA;MD-7418;TARACLIA
CHIROV;MD-5536;RÎBNIŢA TR.
CHIRSOVA;MD-3813;COMRAT
CHIŞCĂRENI;MD-6216;SÎNGEREI
CHIŞINĂU;MD-2000;CHIŞINĂU
CHIŞTELNIŢA;MD-5815;TELENEŞTI
CHIŢCANI;MD-5714;SLOBOZIA TR.
CHIŢCANII NOI;MD-5816;TELENEŞTI
CHIŢCANII VECHI;MD-5816;TELENEŞTI
CHIURT;MD-4622;EDINEŢ
CIGÎRLENI;MD-7715;IALOVENI
CIHORENI;MD-3512;ORHEI
CÎIETU;MD-7317;CANTEMIR
CIMIŞENI;MD-4815;CRIULENI
CIMIŞLIA;MD-4100;CIMIŞLIA
CÎMPUL DREPT;MD-6327;LEOVA
CINIŞEUŢI;MD-5412;REZINA
CIOARA;MD-3421;HÎNCEŞTI
CIOBALACCIA;MD-7318;CANTEMIR
CIOBANCA;MD-3725;STRĂŞENI
CIOBANOVCA;MD-6516;ANENII NOI
CIOBANOVCA;MD-5621;RÎŞCANI
CIOBURCIU;MD-5715;SLOBOZIA TR.
CIOBURCIU;MD-4216;ŞTEFAN-VODĂ
CIOCÎLTENI;MD-3519;ORHEI
CIOC-MAIDAN;MD-3818;COMRAT
CIOFU;MD-5839;TELENEŞTI
CIOLACU NOU;MD-5918;FĂLEŞTI
CIOLACU VECHI;MD-5919;FĂLEŞTI
CIOPLENI;MD-4816;CRIULENI
CIORESCU;MD-2089;CHIŞINĂU
CIOREŞTI;MD-6421;NISPORENI
CIORNA;MD-5401;REZINA
CIOROPCANI NOI;MD-3619;UNGHENI
CIOROPCANI VECHI;MD-3619;UNGHENI
CIRIPCĂU;MD-5015;FLOREŞTI
CÎRNĂŢENI;MD-4313;CĂUŞENI
CÎRNĂŢENII NOI;MD-7717;CĂUŞENI
CÎRNEŞTI;MD-6417;NISPORENI
CÎRPEŞTI;MD-7319;CANTEMIR
CÎŞLA;MD-7320;CANTEMIR
CÎŞLA;MD-5817;TELENEŞTI
CÎŞLIŢA PRUT;MD-5315;CAHUL
CIŞMEA;MD-3520;ORHEI
CIŞMICHIOI;MD-5351;COMRAT
CIUBARA;MD-5615;RÎŞCANI
CIUCIUIENI;MD-6217;SÎNGEREI
CIUCIULEA;MD-4916;GLODENI
CIUCIULENI;MD-6422;HÎNCEŞTI
CIUCUR-MINGIR;MD-4114;CIMIŞLIA
CIUFLEŞTI;MD-7716;CĂUŞENI
CIULUC;MD-5916;FĂLEŞTI
CIULUCANI;MD-5840;TELENEŞTI
CIUMAI;MD-7420;TARACLIA
CIUTEŞTI;MD-6423;NISPORENI
CIUTULEŞTI;MD-5016;FLOREŞTI
CÎZLAR;MD-6315;LEOVA
CLIMĂUŢI;MD-5117;DONDUŞENI
CLIMĂUŢII ;MD-7213;ŞOLDĂNEŞTI
CLIŞCĂUŢI;MD-4633;EDINEŢ
CLIŞCĂUŢI;MD-6230;SÎNGEREI
CLIŞOVA;MD-3521;ORHEI
CLIŞOVA NOUĂ;MD-3519;ORHEI
CLOCOCENII VECHI;MD-4917;GLODENI
CLOCUŞNA;MD-7116;OCNIŢA
CNEAZEVCA;MD-6315;LEOVA
COADA IAZULUI;MD-6214;SÎNGEREI
COBANI;MD-4918;GLODENI
COBASNA;MD-5515;RÎBNIŢA TR.
COBÎLEA;MD-7214;ŞOLDĂNEŞTI
COBUSCA NOUĂ;MD-6517;ANENII NOI
COBUSCA VECHE;MD-6518;ANENII NOI
COCIERI;MD-4571;DUBĂSARI
COCIULIA;MD-7321;CANTEMIR
COCIULIA NOUĂ;MD-6311;LEOVA
CODREANCA;MD-3714;STRĂŞENI
CODRENI;MD-7718;IALOVENI
CODRENI;MD-7117;OCNIŢA
CODRENII NOI;MD-5118;DONDUŞENI
CODRU;MD-2011;CHIŞINĂU
CODRU;MD-5824;TELENEŞTI
CODRU (SANAT.);MD-4417;CĂLĂRAŞI
CODRUL NOU;MD-5834;TELENEŞTI
COGÎLNICENI;MD-5414;REZINA
COICOVA;MD-4511;DUBĂSARI TR.
COJUŞNA;MD-3715;STRĂŞENI
COLIBABOVCA;MD-6316;LEOVA
COLIBAŞI;MD-5316;CAHUL
COLICĂUŢI;MD-4719;BRICENI
COLONIŢA;MD-2082;CHIŞINĂU
COLOSOVA;MD-4015;GRIGORIOPOL TR.
COMAROVCA;MD-5936;FĂLEŞTI
COMISAROVCA NOUĂ;MD-4512;DUBĂSARI TR.
COMRAT;MD-3800;COMRAT
CONDRĂTEŞTI;MD-3620;UNGHENI
CONDRIŢA;MD-2083;CHIŞINĂU
CONGAZ;MD-3819;COMRAT
CONGAZ 1;MD-3815;COMRAT
CONGAZCIC;MD-3816;COMRAT
CONSTANTINEŞTI;MD-7326;CANTEMIR
CONSTANTINOVCA;MD-6635;CAMENCA TR.
CONSTANTINOVCA;MD-7719;CĂUŞENI
CONSTANTINOVCA;MD-4644;EDINEŢ
CONSTANTINOVCA;MD-5728;SLOBOZIA TR.
COPĂCENI;MD-6218;SÎNGEREI
COPANCA;MD-5716;CĂUŞENI
COPCIAC;MD-6118;CEADÎR-LUNGA
COPCIAC;MD-4217;ŞTEFAN-VODĂ
CORBU;MD-5119;DONDUŞENI
CORESTĂUŢI;MD-7118;OCNIŢA
CORJEUŢI;MD-4720;BRICENI
CORJOVA;MD-4817;CRIULENI
CORJOVA;MD-4501;DUBĂSARI TR.
CORLĂTENI;MD-5616;RÎŞCANI
CORNEŞTI;MD-3448;HÎNCEŞTI
CORNEŞTI;MD-6416;NISPORENI
CORNEŞTI ORAŞ;MD-3608;UNGHENI
CORNEŞTI SATUL;MD-3621;UNGHENI
CORNOVA;MD-3622;UNGHENI
COROLIOVCA;MD-3446;HÎNCEŞTI
COROPCENI;MD-5838;TELENEŞTI
COROTNA;MD-5717;SLOBOZIA TR.
CORPACI;MD-4624;EDINEŢ
CORTEN;MD-7421;TARACLIA
CORTENUL NOU;MD-7419;TARACLIA
COSĂUŢI;MD-3016;SOROCA
COŞCALIA;MD-7720;CĂUŞENI
COŞCODENI;MD-6219;SÎNGEREI
COŞENI;MD-3624;UNGHENI
COŞERNIŢA;MD-4818;CRIULENI
COŞERNIŢA;MD-5017;FLOREŞTI
COŞNIŢA;MD-4572;DUBĂSARI
COŞNIŢA NOUĂ;MD-4512;DUBĂSARI TR.
COŞTANGALIA;MD-7322;CANTEMIR
COŞTANGALIA;MD-4115;CIMIŞLIA
COSTEŞTI;MD-3430;HÎNCEŞTI
COSTEŞTI;MD-6813;IALOVENI
COSTEŞTI;MD-5617;RÎŞCANI
COSTULENI;MD-3623;UNGHENI
COT;MD-4912;GLODENI
COT;MD-7215;ŞOLDĂNEŞTI
COTEALA;MD-4721;BRICENI
COTIHANA;MD-3917;CAHUL
COTIUJENI;MD-4722;BRICENI
COTIUJENII MARI;MD-7216;ŞOLDĂNEŞTI
COTIUJENII MICI;MD-6220;SÎNGEREI
COTOVA;MD-5214;DROCHIA
COTOVCA;MD-4013;GRIGORIOPOL TR.
COTOVCA;MD-6222;SÎNGEREI
COTUL MORII;MD-3422;HÎNCEŞTI
COVURLUI;MD-6317;LEOVA
COZEŞTI;MD-5839;TELENEŞTI
COZEŞTI;MD-5839;TELENEŞTI
CRĂCIUN;MD-7329;CANTEMIR
CRASNAIA BESSARABIA;MD-4015;GRIGORIOPOL TR.
CRASNAIA GORCA;MD-4016;GRIGORIOPOL TR.
CRĂSNĂŞENI;MD-5818;TELENEŞTI
CRASNENCOE;MD-5516;RÎBNIŢA TR.
CRASNÎI OCTEABRI;MD-6613;CAMENCA TR.
CRASNÎI VINOGRADARI;MD-4513;DUBĂSARI TR.
CRASNOARMEISCOE;MD-3423;HÎNCEŞTI
CRASNOE;MD-4001;GRIGORIOPOL TR.
CRASNOE;MD-5760;SLOBOZIA TR.
CRASNOGORCA;MD-4017  ;GRIGORIOPOL TR.
CREMENCIUG;MD-3052;SOROCA
CREMENCIUG;MD-3351;TIRASPOL TR.
CREŢOAIA;MD-6519;ANENII NOI
CRICOVA;MD-2084;CHIŞINĂU
CRIHANA;MD-3523;ORHEI
CRIHANA VECHE;MD-3918;CAHUL
CRIŞCĂUŢI;MD-5120;DONDUŞENI
CRISTEŞTI;MD-6424;NISPORENI
CRIULENI;MD-4800;CRIULENI
CRIVA;MD-4723;BRICENI
CROCMAZ;MD-4218;ŞTEFAN-VODĂ
CRUGLIC;MD-4819;CRIULENI
CRUZEŞTI;MD-2085;CHIŞINĂU
CUBOLTA;MD-6221;SÎNGEREI
CUCIOAIA;MD-5841;TELENEŞTI
CUCIOAIA NOUĂ;MD-5841;TELENEŞTI
CUCOARA;MD-3919;CAHUL
CUCONEŞTII NOI;MD-4625;EDINEŢ
CUCUIEŢII NOI;MD-5611;RÎŞCANI
CUCUIEŢII VECHI;MD-5611;RÎŞCANI
CUCURUZENI;MD-3522;ORHEI
CUCURUZENII DE SUS;MD-3523;ORHEI
CUHNEŞTI;MD-4919;GLODENI
CUHUREŞTII DE JOS;MD-6651;FLOREŞTI
CUHUREŢTII DE SUS;MD-6642;FLOREŞTI
CUIZĂUCA;MD-5415;REZINA
CUNICEA;MD-6644;FLOREŞTI
CUPCINI;MD-4626;EDINEŢ
CUPCUI;MD-6318;LEOVA
CUPORANI;MD-6329;LEOVA
CURĂTURA;MD-7217;ŞOLDĂNEŞTI
CURCHI;MD-3524;ORHEI
CUREŞNIŢA;MD-3017;SOROCA
CUREŞNIŢA NOUĂ;MD-3043;SOROCA
CURTOAIA;MD-3620;UNGHENI
CUŞELĂUCA;MD-7216;ŞOLDĂNEŞTI
CUŞMIRCA;MD-7218;ŞOLDĂNEŞTI
CUZMENII VECHI;MD-5944;FĂLEŞTI
CUZMIN;MD-6617;CAMENCA TR.
DAHNOVICI;MD-3413;HÎNCEŞTI
DĂMĂŞCANI;MD-5630;RÎŞCANI
DĂNCENI;MD-6814;IALOVENI
DANCU;MD-3424;HÎNCEŞTI
DANU;MD-4920;GLODENI
DĂRCĂUŢI;MD-3018;SOROCA
DĂRCĂUŢII NOI;MD-3018;SOROCA
DECEBAL;MD-5138;SOROCA
DELACĂU;MD-6520;ANENII NOI
DELACĂU;MD-4018;GRIGORIOPOL TR.
DERENEU;MD-4418;CĂLĂRAŞI
DERMENGI;MD-7416;TARACLIA
DEZGHINGEA;MD-3820;COMRAT
DIMITROVA;MD-7317;CANTEMIR
DIMITROVA;MD-5516;RÎBNIŢA TR.
DIMITROVCA;MD-4101;CIMIŞLIA
DÎNGENI;MD-7119;OCNIŢA
DÎŞCOVA;MD-3525;ORHEI
DNESTROVSC;MD-3352;TIRASPOL TR.
DOBROGEA;MD-2086;CHIŞINĂU
DOBROGEA NOUĂ;MD-6222;SÎNGEREI
DOBROGEA VECHE;MD-6222;SÎNGEREI
DOBRUŞA;MD-7219;ŞOLDĂNEŞTI
DOBRUŞA;MD-5827;TELENEŞTI
DOI BANI 2;MD-4515;DUBĂSARI TR.
DOIBANI 1 ;MD-4514;DUBĂSARI TR.
DOINA;MD-7323;CAHUL
DOLINNOE;MD-4820;CRIULENI
DOLNA;MD-6425;STRĂŞENI
DOLTU;MD-5920;FĂLEŞTI
DOMINTENI;MD-5215;DROCHIA
DOMULGENI;MD-5018;FLOREŞTI
DONDUŞENI;MD-5100;DONDUŞENI
DONDUŞENI SATUL;MD-5106;DONDUŞENI
DONICI;MD-3526;ORHEI
DOROŢCAIA;MD-4573;DUBĂSARI
DRĂGĂNEŞTI;MD-6223;SÎNGEREI
DRĂGUŞENI;MD-3425;HÎNCEŞTI
DRĂGUŞENI;MD-3716;STRĂŞENI
DRĂGUŞENII NOI;MD-6426;HÎNCEŞTI
DRĂSLICENI;MD-4821;CRIULENI
DREPCĂUŢI;MD-4726;BRICENI
DROCHIA;MD-5200;DROCHIA
DROCHIA SAT;MD-5216;DROCHIA
DROJDIENI;MD-6437;NISPORENI
DRUJBA;MD-3625;UNGHENI
DRUJINENI;MD-5944;FĂLEŞTI
DRUŢA;MD-5633;RÎŞCANI
DUBĂSARI;MD-4500;DUBĂSARI TR.
DUBĂSARII VECHI;MD-4822;CRIULENI
DUBĂU;MD-4516;DUBĂSARI TR.
DUBNA;MD-3019;SOROCA
DUBOVCA;MD-3426;HÎNCEŞTI
DUDULEŞTI;MD-3816;COMRAT
DUMA;MD-4418;CĂLĂRAŞI
DUMBRAVA;MD-2071;CHIŞINĂU
DUMBRĂVENI;MD-3020;SOROCA
DUMBRĂVIŢA;MD-6224;SÎNGEREI
DUMENI;MD-5619;RÎŞCANI
DUMITRENI;MD-5019;FLOREŞTI
DURLEŞTI;MD-2003;CHIŞINĂU
DURUITOAR VECHE;MD-5618;RÎŞCANI
DURUITOAREA NOUĂ;MD-5619;RÎŞCANI
DUŞMANI;MD-4921;GLODENI
DZERJINSCOE;MD-4517;DUBĂSARI TR.
ECATERINIVCA;MD-4116;CIMIŞLIA
ECHIMĂUŢI;MD-5416;REZINA
EDINEŢ;MD-4600;EDINEŢ
EGORENI;MD-3021;SOROCA
EGOROVCA;MD-5921;FĂLEŞTI
ELENOVCA;MD-5115;DONDUŞENI
ELIZAVETA;MD-3151;BĂLŢI
ELIZAVETOVCA;MD-5121;DONDUŞENI
ELIZAVETOVCA;MD-3603;UNGHENI
ENICHIOI;MD-7324;CANTEMIR
ERMOCLIA;MD-4219;ŞTEFAN-VODĂ
ETULIA;MD-5352;COMRAT
ETULIA NOUĂ;MD-5353;COMRAT
ETULIA ST.;MD-5354;COMRAT
EVGHENIEVCA;MD-6235;SÎNGEREI
FĂCĂDĂU;MD-5922;FĂLEŞTI
FĂGĂDĂU;MD-6652;FLOREŞTI
FĂGURENI;MD-3703;STRĂŞENI
FĂLEŞTI;MD-5900;FĂLEŞTI
FĂLEŞTII NOI;MD-5923;FĂLEŞTI
FĂUREŞTI;MD-2089;CHIŞINĂU
FEDOREUCA;MD-3519;ORHEI
FEDOSEEVCA;MD-4022;GRIGORIOPOL TR.
FERAPONTIEVCA;MD-3821;COMRAT
FEŞTELIŢA;MD-4220;ŞTEFAN-VODĂ
FETEASCA;MD-3432;HÎNCEŞTI
FETEŞTI;MD-4627;EDINEŢ
FETIŢA;MD-4111;CIMIŞLIA
FILIPENI;MD-6319;LEOVA
FÎNTÎNA ALBĂ;MD-4628;EDINEŢ
FÎNTÎNIŢA;MD-5122;DROCHIA
FÎRLĂDENI;MD-4314;CĂUŞENI
FÎRLĂDENI;MD-3427;HÎNCEŞTI
FÎRLĂDENII NOI;MD-4315;CĂUŞENI
FLĂMÎNZENI;MD-6219;SÎNGEREI
FLOCOASA;MD-7318;CANTEMIR
FLORENI;MD-6521;ANENII NOI
FLORENI;MD-3644;UNGHENI
FLOREŞTI;MD-5000;FLOREŞTI
FLOREŞTI;MD-3627;UNGHENI
FLOREŞTI;MD-6518;ANENII NOI
FLORICA;MD-7726;CĂUŞENI
FLORICENI;MD-3015;SOROCA
FLORICICA;MD-7324;CANTEMIR
FLORIŢOAIA NOUĂ;MD-3626;UNGHENI
FLORIŢOAIA VECHE;MD-3617;UNGHENI
FLUTURA;MD-5833;TELENEŞTI
FRASIN;MD-5123;DONDUŞENI
FRASIN;MD-3430;HÎNCEŞTI
FRĂSINEŞTI;MD-3628;UNGHENI
FRUMOASA;MD-4419;CĂLĂRAŞI
FRUMUŞICA;MD-3934;CAHUL
FRUMUŞICA;MD-6812;CHIŞINĂU
FRUMUŞICA;MD-5914;FĂLEŞTI
FRUMUŞICA;MD-5020;FLOREŞTI
FRUMUŞICA;MD-6313;LEOVA
FRUNZĂ;MD-7108;OCNIŢA
FRUNZĂ;MD-5718;SLOBOZIA TR.
FRUNZĂUCA;MD-6619;CAMENCA TR.
FRUNZEŞTI;MD-5032;FLOREŞTI
FUNDUL GALBENEI;MD-3428;HÎNCEŞTI
FUNDURII NOI;MD-4922;GLODENI
FUNDURII VECHI;MD-4923;GLODENI
FURCENI;MD-3527;ORHEI
FUZĂUCA;MD-7220;ŞOLDĂNEŞTI
GAIDAR;MD-6114;CEADÎR-LUNGA
GĂLĂŞENI;MD-5620;RÎŞCANI
GĂLEŞTI;MD-3717;STRĂŞENI
GĂLEŞTII NOI;MD-3717;STRĂŞENI
GANGURA;MD-7721;IALOVENI
GAŞPAR;MD-4629;EDINEŢ
GĂURENI;MD-6831;IALOVENI
GĂURENI;MD-6418;NISPORENI
GĂUZENI;MD-7221;ŞOLDĂNEŞTI
GĂVĂNOASA;MD-5317;CAHUL
GAVRILOVCA;MD-6235;SÎNGEREI
GEAMĂNĂ;MD-6522;ANENII NOI
GHELĂUZA;MD-3718;STRĂŞENI
GHERMAN;MD-3629;UNGHENI
GHERMĂNEŞTI;MD-5819;TELENEŞTI
GHERŞUNOVCA;MD-5535;RÎBNIŢA TR.
GHETLOVA;MD-3528;ORHEI
GHIDIGHICI;MD-2088;CHIŞINĂU
GHIDIMIR;MD-5517;RÎBNIŢA TR.
GHIDULENI;MD-5417;REZINA
GHILAVĂŢ;MD-4725;BRICENI
GHILICENI;MD-5820;TELENEŞTI
GHINDEŞTI;MD-5021;FLOREŞTI
GHINDEŞTI SATUL;MD-5021;FLOREŞTI
GHIOLTOSU;MD-7325;CANTEMIR
GHIZDITA;MD-5122;DROCHIA
GÎRBOVA;MD-7121;OCNIŢA
GÎSCA 1;MD-4316;BENDER TR.
GÎSCA 2;MD-4317;BENDER TR.
GIURGIULEŞTI;MD-5318;CAHUL
GLINJENI;MD-5924;FĂLEŞTI
GLINJENI;MD-7222;ŞOLDĂNEŞTI
GLODENI;MD-4900;GLODENI
GOIAN;MD-2089;CHIŞINĂU
GOIAN;MD-4518;DUBĂSARI TR.
GOIANUL NOU;MD-4823;CHIŞINĂU 
GOIANUL NOU;MD-4516;DUBĂSARI TR.
GOLENI;MD-4630;EDINEŢ
GORDINEŞTI;MD-4631;EDINEŢ
GORDINEŞTI;MD-5418;REZINA
GORNOE;MD-3719;STRĂŞENI
GOTEŞTI;MD-7326;CANTEMIR
GRĂDINIŢA;MD-4225;CĂUŞENI
GRADIŞTE;MD-4117;CIMIŞLIA
GRĂSENI;MD-3630;UNGHENI
GRĂTIEŞTI;MD-2093;CHIŞINĂU
GREBLEŞI;MD-3720;STRĂŞENI
GRECENI;MD-5315;CAHUL
GRIBOVA;MD-5223;DROCHIA
GRIGORĂUCA;MD-6225;SÎNGEREI
GRIGORĂUCA;MD-3022;SOROCA
GRIGOREŞTI;MD-6211;SÎNGEREI
GRIGORIEVCA;MD-4318;CĂUŞENI
GRIGORIOPOL;MD-4000;GRIGORIOPOL TR.
GRIMĂNCĂUŢI;MD-4726;BRICENI
GRIMEŞTI;MD-4715;BRICENI
GRINĂUŢI;MD-7122;OCNIŢA
GRINĂUŢI;MD-5621;RÎŞCANI
GRINĂUŢI -RAIA;MD-7123;OCNIŢA
GROZASCA;MD-3626;UNGHENI
GROZEŞTI;MD-6427;NISPORENI
GROZNIŢA;MD-4727;BRICENI
GURA BÎCULUI;MD-6523;ANENII NOI
GURA CĂINARULUI;MD-5024;FLOREŞTI
GURA CAMENCII;MD-5023;FLOREŞTI
GURA GALBENEI;MD-4118;CIMIŞLIA
GURA-OITUZ;MD-6220;SÎNGEREI
GVOZDOVA;MD-5023;FLOREŞTI
HĂDĂRĂUŢI;MD-7124;OCNIŢA
HAGICHIOI;MD-7411;TARACLIA
HAGIMUS;MD-4319;CĂUŞENI
HALAHORA DE JOS;MD-4728;BRICENI
HALAHORA DE SUS;MD-4729;BRICENI
HĂNĂSENI;MD-7339;CANTEMIR
HĂNĂSENII NOI;MD-6320;LEOVA
HĂNCĂUŢI;MD-4632;EDINEŢ
HANSCA;MD-6815;IALOVENI
HARABA;MD-5518;RÎBNIŢA TR.
HARAGÎŞ;MD-7327;CANTEMIR
HARMAŢCA;MD-4519;DUBĂSARI TR.
HĂSNĂŞENII MARI;MD-5217;DROCHIA
HĂSNĂŞENII NOI;MD-5218;DROCHIA
HECIUL NOU;MD-6226;SÎNGEREI
HECIUL VECHI;MD-6211;SÎNGEREI
HELEŞTENI;MD-6430;NISPORENI
HÎJDIENI;MD-4924;GLODENI
HÎJDIENI;MD-3529;ORHEI
HILIUŢI;MD-5925;FĂLEŞTI
HILIUŢI;MD-5622;RÎŞCANI
HINCĂUŢI;MD-4633;EDINEŢ
HÎNCEŞTI;MD-5913;FĂLEŞTI
HÎNCEŞTI;MD-3400;HÎNCEŞTI
HÎRBOVĂŢ;MD-6524;ANENII NOI
HÎRBOVĂŢ;MD-4422;CĂLĂRAŞI
HÎRBOVĂŢUL NOU;MD-6501;ANENII NOI
HÎRCEŞTI;MD-3631;UNGHENI
HIRIŞENI;MD-5821;TELENEŞTI
HÎRJĂU;MD-5519;RÎBNIŢA TR.
HÎRJĂUCA;MD-4421;CĂLĂRAŞI
HIROVA;MD-4420;CĂLĂRAŞI
HÎRTOP;MD-7337;CANTEMIR
HÎRTOP;MD-4119;CIMIŞLIA
HÎRTOP;MD-5949;FĂLEŞTI
HÎRTOP;MD-5025;FLOREŞTI
HÎRTOP;MD-4019;GRIGORIOPOL TR.
HÎRTOP;MD-6311;LEOVA
HÎRTOP;MD-7411;TARACLIA
HÎRTOP;MD-5828;TELENEŞTI
HÎRTOPUL MARE;MD-4824;CRIULENI
HÎRTOPUL MIC;MD-4825;CRIULENI
HITREŞTI;MD-5926;FĂLEŞTI
HLINA;MD-4730;BRICENI
HLINAIA;MD-4634;EDINEŢ
HLINAIA;MD-4020;GRIGORIOPOL TR.
HLINAIA;MD-5719;SLOBOZIA TR.
HLINAIA MICĂ;MD-4638;EDINEŢ
HOGINEŞTI;MD-4423;CĂLĂRAŞI
HOLERCANI;MD-4574;DUBĂSARI
HOLOŞNIŢA;MD-3023;SOROCA
HOLOŞNIŢA NOUĂ;MD-5226;DROCHIA
HOMUTEANOVCA;MD-7721;IALOVENI
HOREŞTI;MD-5927;FĂLEŞTI
HOREŞTI;MD-6816;IALOVENI
HORJEŞTI;MD-3429;HÎNCEŞTI
HORODCA;MD-6426;HÎNCEŞTI
HORODCA;MD-6817;IALOVENI
HORODIŞTE;MD-4424;CĂLĂRAŞI
HORODIŞTE;MD-5124;DONDUŞENI
HORODIŞTE;MD-5419;REZINA
HORODIŞTE;MD-5623;RÎŞCANI
HRISTICI;MD-3024;SOROCA
HRISTOFOROVCA;MD-3641;UNGHENI
HRISTOVAIA;MD-6618;CAMENCA TR.
HRUBNA NOUĂ;MD-5928;FĂLEŞTI
HRUŞCA;MD-6619;CAMENCA TR.
HRUŞOVA;MD-4816;CRIULENI
HULBOACA;MD-2093;CHIŞINĂU
HULBOACA;MD-3530;ORHEI
HULUBOAIA;MD-3920;CAHUL
HUNULEŞTI;MD-2081;CHIŞINĂU
HUTULU;MD-3922;CAHUL
HUZUN;MD-6431;STRĂŞENI
IABLOANA ;MD-4925;GLODENI
IACHIMENI;MD-4623;EDINEŢ
IAGORLÎC;MD-4518;DUBĂSARI TR.
IALOVENI;MD-6800;IALOVENI
IALPUG;MD-4119;CIMIŞLIA
IALPUJENI;MD-4120;CIMIŞLIA
IANTARNOE;MD-6620;CAMENCA TR.
IARGARA;MD-6321;LEOVA
IAROVA;MD-3025;SOROCA
IASNAIA POLEANA;MD-7323;CAHUL
IEPURENI;MD-7314;CANTEMIR
IEZĂRENII NOI;MD-6227;SÎNGEREI
IEZĂRENII VECHI;MD-6227;SÎNGEREI
IGNĂŢEI;MD-5420;REZINA
ILENUŢA;MD-5929;FĂLEŞTI
ILICIOVCA;MD-5231;DROCHIA
ILICIOVCA;MD-5026;FLOREŞTI
INCULEŢ;MD-3557;ORHEI
INDIA;MD-4012;GRIGORIOPOL TR.
INEŞTI;MD-5822;TELENEŞTI
INUNDENI;MD-3035;SOROCA
ION VODĂ;MD-5031;FLOREŞTI
IORDANOVCA;MD-6714;BASARABEASCA
IORJNIŢA;MD-3026;SOROCA
ISACOVA;MD-3531;ORHEI
ISĂICANI;MD-6428;NISPORENI
IŞCĂLĂU;MD-5930;FĂLEŞTI
ISERLIA;MD-6715;BASARABEASCA
IŞNOVĂŢ;MD-4826;CRIULENI
IUJNOE;MD-5319;CAHUL
IURCENI;MD-6429;NISPORENI
IURIEVCA;MD-4121;CIMIŞLIA
IVANCEA;MD-3532;ORHEI
IVĂNEŞTI;MD-5614;RÎŞCANI
IVANOVCA;MD-3430;HÎNCEŞTI
IVANOVCA;MD-6715;BASARABEASCA
IVANOVCA;MD-5936;FĂLEŞTI
IVANOVCA;MD-5037;FLOREŞTI
IVANOVCA;MD-5520;RÎBNIŢA TR.
IVANOVCA NOUĂ;MD-4122;CIMIŞLIA
IZBIŞTE;MD-4827;CRIULENI
IZVOARE;MD-5931;FĂLEŞTI
IZVOARE;MD-5027;FLOREŞTI
IZVOARE;MD-3533;ORHEI
IZVOARE;MD-6228;SÎNGEREI
IZVORAŞ;MD-5801;TELENEŞTI
IZVORENI;MD-3613;UNGHENI
JAPCA;MD-6645;FLOREŞTI
JAVGUR;MD-4123;CIMIŞLIA
JELOBOC;MD-3542;ORHEI
JEVRENI;MD-4828;CRIULENI
JOLTAI;MD-6115;CEADÎR-LUNGA
JORA DE JOS;MD-3534;ORHEI
JORA DE MIJLOC;MD-3534;ORHEI
JORA DE SUS;MD-3535;ORHEI
JURA;MD-5521;RÎBNIŢA TR.
LALOVA;MD-5421;REZINA
LĂPUŞNA;MD-3431;HÎNCEŞTI
LARGA;MD-7722;ANENII NOI
LARGA;MD-4731;BRICENI
LARGA NOUĂ;MD-3921;CAHUL
LARGA VECHE;MD-3921;CAHUL
LĂRGUŢA;MD-7328;CANTEMIR
LAZO;MD-5219;DROCHIA
LAZO;MD-4222;ŞTEFAN-VODĂ
LEBEDENCO;MD-3922;CAHUL
LECA;MD-7312;CANTEMIR
LELINA;MD-7231;ŞOLDĂNEŞTI
LENCĂUŢI;MD-7125;OCNIŢA
LENIN;MD-5522;RÎBNIŢA TR.
LEORDOAIA;MD-4421;CĂLĂRAŞI
LEORDOAIA;MD-3631;UNGHENI
LEOVA;MD-6301;LEOVA
LEUNTEA;MD-4226;CĂUŞENI
LEUŞENI;MD-3432;HÎNCEŞTI
LEUŞENI;MD-5823;TELENEŞTI
LIDOVCA;MD-3612;UNGHENI
LIMBENII NOI;MD-4926;GLODENI
LIMBENII VECHI;MD-4927;GLODENI
LINGURA;MD-7329;CANTEMIR
LIPCANI;MD-4706;BRICENI
LIPCENI;MD-5422;REZINA
LIPNIC;MD-7126;OCNIŢA
LIPOVANCA;MD-6213;SÎNGEREI
LIPOVĂŢ;MD-4911;GLODENI
LIPOVENI;MD-4124;CIMIŞLIA
LÎSAIA GORA;MD-5533;RÎBNIŢA TR.
LIVEZI;MD-3039;SOROCA
LOGĂNEŞTI;MD-4835;CRIULENI
LOGĂNEŞTI;MD-3434;HÎNCEŞTI
LOGOFTENI;MD-5932;FĂLEŞTI
LOPAŢICA;MD-3923;CAHUL
LOPATNA;MD-3535;ORHEI
LOPATNIC;MD-4635;EDINEŢ
LOZOVA;MD-3721;STRĂŞENI
LUCĂCENI;MD-5927;FĂLEŞTI
LUCĂŞEUCA;MD-3545;ORHEI
LUCEŞTI;MD-3924;CAHUL
LUGOVOE;MD-3033;SOROCA
LUMINIŢA;MD-6438;NISPORENI
LUNGA;MD-4520;DUBĂSARI TR.
LUNGA;MD-5028;FLOREŞTI
LUNGA NOUĂ;MD-4513;DUBĂSARI TR.
LUPA-RECEA;MD-3714;STRĂŞENI
LUPĂRIA;MD-5625;RÎŞCANI
MĂCĂREŞTI;MD-3632;UNGHENI
MĂCĂREUCA;MD-5220;DROCHIA
MĂGDĂCEŞTI;MD-4829;CRIULENI
MĂGURA;MD-5939;FĂLEŞTI
MĂGURA NOUĂ;MD-5939;FĂLEŞTI
MĂGUREANCA;MD-5949;FĂLEŞTI
MĂGURELE;MD-3633;UNGHENI
MAHALA;MD-4501;DUBĂSARI TR.
MAIAC;MD-4006;GRIGORIOPOL TR.
MAIOVCA;MD-7130;OCNIŢA
MAISCOE;MD-5029;FLOREŞTI
MĂLĂIEŞTI;MD-4811;CRIULENI
MĂLĂIEŞTI;MD-4021;GRIGORIOPOL TR.
MĂLĂIEŞTI;MD-3536;ORHEI
MĂLĂIEŞTI;MD-5624;RÎŞCANI
MĂLĂIEŞTII NOI;MD-4811;CRIULENI
MĂLCĂUŢI;MD-3018;SOROCA
MALCOCI;MD-6818;IALOVENI
MALINOVSCOE;MD-5625;RÎŞCANI
MANA;MD-3524;ORHEI
MĂNOILEŞTI;MD-3634;UNGHENI
MANTA;MD-3925;CAHUL
MARAMONOVCA;MD-5125;DROCHIA
MĂRĂNDENI;MD-5933;FĂLEŞTI
MĂRĂŞEŞTI;MD-6221;SÎNGEREI
MĂRCĂUŢI;MD-4732;BRICENI
MĂRCĂUŢI;MD-4575;DUBĂSARI
MĂRCĂUŢII NOI;MD-4732;BRICENI
MARCHET;MD-3445;HÎNCEŞTI
MĂRCULEŞTI (ORAŞ);MD-5008;FLOREŞTI
MĂRCULEŞTI (SAT);MD-5030;FLOREŞTI
MĂRDĂREUCA;MD-4813;CRIULENI
MARIAN;MD-4019;GRIGORIOPOL TR.
MARIANCA DE SUS;MD-4329;CĂUŞENI
MARIENFELD;MD-4120;CIMIŞLIA
MĂRINEŞTI;MD-5016;FLOREŞTI
MĂRINEŞTI;MD-6229;SÎNGEREI
MARINICI;MD-6430;NISPORENI
MĂRTINEŞTI;MD-3720;STRĂŞENI
MAŞCĂUŢI;MD-4830;CRIULENI
MATEUŢI;MD-5423;REZINA
MAXIMENI;MD-4123;CIMIŞLIA
MAXIMOVCA;MD-6525;ANENII NOI
MEDELENI;MD-3635;UNGHENI
MEDVEJA;MD-4733;BRICENI
MELEŞENI;MD-4425;CĂLĂRAŞI
MERENEŞTI;MD-5714;SLOBOZIA TR.
MERENI;MD-6526;ANENII NOI
MERENI;MD-4133;CIMIŞLIA
MERENII NOI;MD-6527;ANENII NOI
MEREŞENI;MD-3435;HÎNCEŞTI
MEREŞEUCA;MD-7127;OCNIŢA
MEŞENI;MD-6321;LEOVA
MEŞENI;MD-5424;REZINA
MICĂUŢI;MD-3722;STRĂŞENI
MICIURIN;MD-5221;DROCHIA
MICLEŞTI;MD-4831;CRIULENI
MICLEUŞENI;MD-6431;STRĂŞENI
MIHĂILENI;MD-4734;BRICENI
MIHĂILENI;MD-5626;RÎŞCANI
MIHĂILENII NOI;MD-5642;RÎŞCANI
MIHAILOVCA;MD-4125;CIMIŞLIA
MIHAILOVCA;MD-5032;FLOREŞTI
MIHAILOVCA;MD-5524;RÎBNIŢA TR.
MIHAILOVCA;MD-6230;SÎNGEREI
MIHAILOVCA NOUĂ;MD-5523;RÎBNIŢA TR.
MIHALAŞA;MD-5802;TELENEŞTI
MIHALAŞA NOUĂ;MD-5802;TELENEŞTI
MIHĂLĂŞENI;MD-7128;OCNIŢA
MIHULENI;MD-7223;ŞOLDĂNEŞTI
MILEŞTI;MD-6432;NISPORENI
MILEŞTII MICI;MD-6819;IALOVENI
MILEŞTII NOI;MD-7727;IALOVENI
MINCENII DE JOS;MD-5425;REZINA
MINCENII DE SUS;MD-5425;REZINA
MÎNDÎC;MD-5126;DROCHIA
MÎNDRA;MD-4426;CĂLĂRAŞI
MÎNDRA;MD-5829;TELENEŞTI
MÎNDREŞTI;MD-5825;TELENEŞTI
MÎNDREŞTII NOI;MD-6231;SÎNGEREI
MINGIR;MD-3436;HÎNCEŞTI
MÎNZĂTEŞTI;MD-3636;UNGHENI
MIRCEŞTI;MD-3613;UNGHENI
MIREŞTI;MD-3437;HÎNCEŞTI
MIRNOE;MD-7423;TARACLIA
MIRNOE;MD-6537;ANENII NOI
MÎRZACI;MD-3537;ORHEI
MÎRZEŞTI;MD-3537;ORHEI
MÎRZOAIA;MD-6429;NISPORENI
MISOVCA;MD-7721;IALOVENI
MITOC;MD-3503;ORHEI
MOARA DE PIATRĂ;MD-5222;DROCHIA
MOARA DOMNEASCĂ;MD-4933;GLODENI 
MOCEAROVCA;MD-4022;GRIGORIOPOL TR.
MOCRA;MD-5525;RÎBNIŢA TR.
MOCREACHI;MD-4019;GRIGORIOPOL TR.
MOLDOVEANCA;MD-5934;FĂLEŞTI
MOLEŞTI;MD-4913;GLODENI 
MOLEŞTI;MD-6820;IALOVENI
MOLOCHIŞUL MARE;MD-5526;RÎBNIŢA TR.
MOLOCHIŞUL MIC;MD-5527;RÎBNIŢA TR.
MOLOVATA;MD-4577;DUBĂSARI
MOLOVATA NOUĂ;MD-4576;DUBĂSARI
MORENII NOI;MD-3637;UNGHENI
MORENII VECHI;MD-3651;UNGHENI
MOROVAIA;MD-3552;ORHEI
MOROZENI;MD-3538;ORHEI
MOŞANA;MD-5127;DONDUŞENI
MOSCOVEI;MD-3926;CAHUL
MOŞENI;MD-5627;RÎŞCANI
MOVILENI;MD-4919;GLODENI
MUNTENI;MD-4124;CIMIŞLIA
MUSAITU;MD-7424;TARACLIA
MUSTEAŢA;MD-5935;FĂLEŞTI
NĂDUŞITA;MD-5223;DROCHIA
NĂPĂDENI;MD-3638;UNGHENI
NAPADOVA;MD-6646;FLOREŞTI
NASLAVCEA;MD-7129;OCNIŢA
NATALIEVCA;MD-5936;FĂLEŞTI
NĂVÎRNEŢ;MD-5937;FĂLEŞTI
NECULĂIEUCA;MD-3539;ORHEI
NEGREA;MD-3438;HÎNCEŞTI
NEGREŞTI;MD-3723;STRĂŞENI
NEGURENI;MD-5826;TELENEŞTI
NEGURENII NOI;MD-3639;UNGHENI
NEGURENII VECHI;MD-3639;UNGHENI
NEMŢENI;MD-3439;HÎNCEŞTI
NEZAVERTAILOVCA;MD-5720;SLOBOZIA TR.
NICOLAEVCA;MD-5317;CAHUL
NICOLAEVCA;MD-5949;FĂLEŞTI
NICOLAEVCA;MD-6642;FLOREŞTI
NICOLAEVCA;MD-4928;GLODENI 
NICOLAEVCA;MD-6320;LEOVA
NICOLAEVCA;MD-7723;ANENII NOI
NICOLAEVCA-1;MD-6232;SÎNGEREI
NICOLAEVCA-2;MD-5031;FLOREŞTI
NICOLSCOE;MD-5728;SLOBOZIA TR.
NICORENI;MD-5224;DROCHIA
NIMEREUCA;MD-6647;SOROCA
NIMORENI;MD-6821;IALOVENI
NIORCANI;MD-5128;SOROCA
NIŞCANI;MD-4427;CĂLĂRAŞI
NISPORENI;MD-6401;NISPORENI
NISTRENI;MD-5421;REZINA
NOROCENI;MD-3528;ORHEI
NOVACI;MD-4428;CĂLĂRAŞI
NOVAIA JIZNI;MD-5528;RÎBNIŢA TR.
NOVAIA NICOLAEVCA;MD-3603;UNGHENI
NOVOCOTOVSC;MD-5721;SLOBOZIA TR.
NOVOSAVIŢCAIA;MD-5718;SLOBOZIA TR.
NOVOSIOLOVCA;MD-7425;TARACLIA
NOVOVLADIMIROVCA;MD-4023;GRIGORIOPOL TR.
NUCĂRENI;MD-5827;TELENEŞTI
OBILENI;MD-3440;HÎNCEŞTI
OBREJA NOUĂ;MD-5938;FĂLEŞTI
OBREJA VECHE;MD-5938;FĂLEŞTI
OCHIUL ALB;MD-5225;DROCHIA
OCHIUL ROŞ;MD-7724;ANENII NOI
OCLANDA;MD-3027;SOROCA
OCNIŢA;MD-6624;CAMENCA TR.
OCNIŢA;MD-7100;OCNIŢA
OCNIŢA SATUL;MD-7130;OCNIŢA
OCNIŢA-RĂZEŞI;MD-3522;ORHEI
OCNIŢA-ŢĂRANI;MD-3557;ORHEI
OCOLINA;MD-3028;SOROCA
OCTEABRSCOE;MD-6652;FLOREŞTI
OCTEABRSCOE;MD-6233;SÎNGEREI
ODAIA;MD-6437;NISPORENI
ODOBEŞTI;MD-6438;NISPORENI
OFATINŢI;MD-5528;RÎBNIŢA TR.
OHRINCEA;MD-4832;CRIULENI
OLĂNEŞTI 1;MD-4225;ŞTEFAN-VODĂ
OLĂNEŞTI 2;MD-4226;ŞTEFAN-VODĂ
OLIŞCANI;MD-7224;ŞOLDĂNEŞTI
ONEŞTI;MD-4646;EDINEŢ
ONEŞTI;MD-3441;HÎNCEŞTI
ONEŞTI;MD-3724;STRĂŞENI
ONIŞCANI;MD-4429;CĂLĂRAŞI
ONIŢCANI;MD-4833;CRIULENI
OPACI;MD-4320;CĂUŞENI
ORAC;MD-6322;LEOVA
ORDĂŞEI;MD-5828;TELENEŞTI
OREHOVCA;MD-7426;TARACLIA
ORHEI;MD-3500;ORHEI
OTAC;MD-5426;REZINA
OTACI;MD-7106;OCNIŢA
OXENTEA;MD-4578;DUBĂSARI
PAICU;MD-3933;CAHUL
PALADEA;MD-7112;OCNIŢA
PALANCA;MD-4421;CĂLĂRAŞI
PALANCA;MD-5226;DROCHIA
PALANCA;MD-4227;ŞTEFAN-VODĂ
PĂLĂRIA;MD-6241;SÎNGEREI
PĂNĂŞEŞTI;MD-3725;STRĂŞENI
PĂPĂUŢI;MD-5427;REZINA
PARCANI;MD-4434;CĂLĂRAŞI
PARCANI;MD-5722;SLOBOZIA TR.
PARCANI;MD-7225;ŞOLDĂNEŞTI
PARCANI;MD-3029;SOROCA
PARCOVA;MD-4636;EDINEŢ
PĂRUCENI;MD-6433;NISPORENI
PAŞCANI;MD-3934;CAHUL
PAŞCANI;MD-4834;CRIULENI
PAŞCANI;MD-3442;HÎNCEŞTI
PĂSCĂUTI;MD-5628;RIŞCANI
PĂULEŞTI;MD-4430;CĂLĂRAŞI
PAUSTOVA;MD-7120;OCNIŢA
PAVLOVCA;MD-4731;BRICENI
PECIŞTE;MD-5428;REZINA
PELINEI;MD-3927;CAHUL
PELINIA;MD-5629;DROCHIA
PELIVAN;MD-3540;ORHEI
PEPENI;MD-6234;SÎNGEREI
PEPENII NOI;MD-6234;SÎNGEREI
PERENI;MD-3443;HÎNCEŞTI
PERENI;MD-5429;REZINA
PERENIŢA;MD-4735;BRICENI
PERESECINA;MD-3541;ORHEI
PERVOMAISC;MD-7725;CĂUŞENI
PERVOMAISC;MD-5942;FĂLEŞTI
PERVOMAISC;MD-5522;RÎBNIŢA TR.
PERVOMAISC;MD-5723;SLOBOZIA TR.
PERVOMAISC 1;MD-5724;SLOBOZIA TR.
PERVOMAISCOE;MD-5227;DROCHIA
PERVOMAISCOE;MD-3444;HÎNCEŞTI
PETICENI;MD-4431;CĂLĂRAŞI
PETRENI;MD-5228;DROCHIA
PETREŞTI;MD-3640;UNGHENI
PETROPAVLOVCA;MD-6225;SÎNGEREI
PETROVCA;MD-6235;SÎNGEREI
PETRUNEA;MD-4929;GLODENI
PETRUŞENI;MD-5630;RÎŞCANI
PIATRA;MD-3542;ORHEI
PIATRA ALBĂ;MD-6822;IALOVENI
PICALOVA;MD-5511;RÎBNIŢA TR.
PICUS;MD-7722;ANENII NOI
PIETROSU;MD-5939;FĂLEŞTI
PIETROSUL NOU;MD-5923;FĂLEŞTI
PÎNZĂRENI;MD-5940;FĂLEŞTI
PÎNZĂRENII NOI;MD-5940;FĂLEŞTI
PÎRÎTA;MD-4579;DUBĂSARI
PÎRJOLTENI;MD-4433;CĂLĂRAŞI
PÎRJOTA;MD-5631;RÎŞCANI
PÎRLIŢA;MD-5941;FĂLEŞTI
PÎRLIŢA;MD-3030;SOROCA
PÎRLIŢA;MD-3641;UNGHENI
PISCĂREŞTI;MD-5433;REZINA
PISTRUIENI;MD-5828;TELENEŞTI
PISTRUIENII NOI;MD-5828;TELENEŞTI
PITEŞTI;MD-6312;LEOVA
PITUŞCA;MD-4432;CĂLĂRAŞI
PIVNICENI;MD-5129;DONDUŞENI
PLEŞENI;MD-7330;CANTEMIR
PLOP;MD-7726;CĂUŞENI
PLOP;MD-5130;DONDUŞENI
PLOPI;MD-7331;CANTEMIR
PLOPI;MD-5529;RÎBNIŢA TR.
PLOP-ŞTIUBEI;MD-4321;CĂUŞENI
POBEDA;MD-4015;GRIGORIOPOL TR.
POBEDA;MD-5522;RÎBNIŢA TR.
POCIUMBĂUŢI;MD-5632;RÎŞCANI
POCIUMBENI;MD-5633;RÎŞCANI
POCROVCA;MD-5131;DONDUŞENI
POCŞEŞTI;MD-3526;ORHEI
PODGORENI;MD-3543;ORHEI
PODOIMA;MD-6625;CAMENCA TR.
PODOIMIŢA;MD-6626;CAMENCA TR.
PODUL LUNG;MD-4438;CĂLĂRAŞI
POGĂNEŞTI;MD-3445;HÎNCEŞTI
POHOARNA;MD-7226;ŞOLDĂNEŞTI
POHORNICENI;MD-3542;ORHEI
POHREBEA;MD-4572;DUBĂSARI
POHREBEA NOUĂ;MD-4522;DUBĂSARI TR.
POHREBENI;MD-3544;ORHEI
POIANA;MD-4637;EDINEŢ
POIANA;MD-7227;ŞOLDĂNEŞTI
POIANA;MD-3608;UNGHENI
POJĂRENI;MD-6823;IALOVENI
POJARNA;MD-3646;UNGHENI
POMPA;MD-5942;FĂLEŞTI
POPEASCA;MD-4228;ŞTEFAN-VODĂ
POPENCU;MD-5530;RÎBNIŢA TR.
POPEŞTII DE JOS;MD-5229;DROCHIA
POPEŞTII DE SUS;MD-5230;DROCHIA
POPEŞTII NOI;MD-5228;DROCHIA
POPOVCA;MD-7329;CANTEMIR
POPOVCA;MD-5943;FĂLEŞTI
PORUMBENI;MD-4829;CRIULENI
PORUMBEŞTI;MD-7332;CANTEMIR
PORUMBREI;MD-4126;CIMIŞLIA
PRAJILA;MD-5032;FLOREŞTI
PREPELIŢA;MD-6236;SÎNGEREI
PRIOZIORNOE;MD-5718;SLOBOZIA TR.
PRIPICENI-CURCHI;MD-5430;REZINA
PRIPICENI-RĂZEŞI;MD-5430;REZINA
PRISACA;MD-4119;CIMIŞLIA
PRODĂNEŞTI;MD-5033;FLOREŞTI
PRODĂNEŞTII VECHI;MD-5038;FLOREŞTI
PROSCURENI;MD-5618;RÎŞCANI
PROTEAGAILOVCA;MD-3252;BENDER TR.
PRUTENI;MD-5944;FĂLEŞTI
PUHĂCENI;MD-6529;ANENII NOI
PUHOI;MD-6824;IALOVENI
PURCARI;MD-4229;ŞTEFAN-VODĂ
PUTINEŞTI;MD-5034;FLOREŞTI
PUŢINTENI;MD-3554;ORHEI
RĂCĂRIA;MD-5634;RÎŞCANI
RĂCIULA;MD-4434;CĂLĂRAŞI
RACOVĂŢ;MD-3031;SOROCA
RĂCULEŞTI;MD-4836;CRIULENI
RĂDENI;MD-4435;CĂLĂRAŞI
RĂDENI;MD-3726;STRĂŞENI
RĂDENII VECHI;MD-3642;UNGHENI
RĂDOAIA;MD-6237;SÎNGEREI
RĂDULENII NOI;MD-5011;FLOREŞTI
RĂDULENII VECHI;MD-5035;FLOREŞTI
RĂMĂZAN;MD-5635;RÎŞCANI
RĂSCĂIEŢI;MD-4230;ŞTEFAN-VODĂ
RĂSCĂIEŢII NOI;MD-4231;ŞTEFAN-VODĂ
RAŞCOV;MD-6627;CAMENCA TR.
RĂSPOPENI;MD-7228;ŞOLDĂNEŞTI
RASSVET;MD-3740;STRĂŞENI
RATUŞ;MD-4835;CRIULENI
RATUŞ;MD-5829;TELENEŞTI
RĂUŢEL;MD-5945;FĂLEŞTI
RĂUŢELUL NOU;MD-5925;FĂLEŞTI
RĂZĂLĂI;MD-6234;SÎNGEREI
RĂZENI 1;MD-7727;IALOVENI
RĂZENI 2;MD-7728;IALOVENI
RECEA;MD-5636;RÎŞCANI
RECEA;MD-3727;STRĂŞENI
RECEŞTI;MD-7229;ŞOLDĂNEŞTI
REDI-CEREŞNOVĂŢ;MD-3032;SOROCA
REDIUL DE JOS;MD-5911;FĂLEŞTI
REDIUL DE SUS;MD-5911;FĂLEŞTI
REDIUL MARE ST.;MD-5132;DONDUŞENI
REDIUL MARE ST.;MD-7131;OCNIŢA
REGINA MARIA;MD-3033;SOROCA
RETENI;MD-5614;RÎŞCANI
REVACA;MD-2091;CHIŞINĂU
REZINA;MD-5400;REZINA
REZINA;MD-3643;UNGHENI
RÎBNIŢA ;MD-5500;RÎBNIŢA TR.
RÎNGACI;MD-7115;EDINEŢ
RÎŞCANI;MD-5600;RÎŞCANI
RÎŞCOVA;MD-4837;CRIULENI
RISIPENI;MD-5946;FĂLEŞTI
ROGHI;MD-4523;DUBĂSARI TR.
ROGOJENI;MD-7230;ŞOLDĂNEŞTI
ROGOJENI, loc.c.f.;MD-7230;ŞOLDĂNEŞTI
ROMĂNEŞTI;MD-3728;STRĂŞENI
ROMANOVCA;MD-6319;LEOVA
ROMANOVCA;MD-6234;SÎNGEREI
ROMANOVCA;MD-3608;UNGHENI
ROŞCANI;MD-6530;ANENII NOI
ROŞCANI;MD-5429;REZINA
ROŞCANI;MD-3729;STRĂŞENI
ROŞCANII DE JOS;MD-5417;REZINA
ROŞCANII DE SUS;MD-5417;REZINA
ROŞIETICI;MD-5036;FLOREŞTI
ROŞIETICII VECHI;MD-5036;FLOREŞTI
ROŞIŢA;MD-7412;TARACLIA
ROŞU;MD-3928;CAHUL
ROTARI;MD-6628;CAMENCA TR.
ROTUNDA;MD-4638;EDINEŢ
RUBLENIŢA;MD-3034;SOROCA
RUBLENIŢA NOUĂ;MD-3034;SOROCA
RUDI;MD-5133;SOROCA
RUJNIŢA;MD-7132;OCNIŢA
RUMEANŢEV;MD-7333;CAHUL
RUSCA;MD-3411;HÎNCEŞTI
RUSENI;MD-6531;ANENII NOI
RUSENI;MD-4639;EDINEŢ
RUSEŞTII NOI;MD-6825;IALOVENI
RUSEŞTII VECHI;MD-6825;IALOVENI
RUSLANOVCA;MD-3035;SOROCA
SACA;MD-3718;STRĂŞENI
SACAROVCA;MD-6223;SÎNGEREI
SADACLIA;MD-6716;BASARABEASCA
SADCHI;MD-6620;CAMENCA TR.
SADÎC;MD-7344;CANTEMIR
SADOVA;MD-4436;CĂLĂRAŞI
SADOVOE;MD-4930;BĂLŢI
SAGAIDAC;MD-4127;CIMIŞLIA
SAGAIDAC;MD-4812;CRIULENI
SAGAIDACUL DE SUS;MD-4812;CRIULENI
SAGAIDACUL NOU;MD-7718;CIMIŞLIA
SĂGHIENI;MD-3612;UNGHENI
SAHARNA;MD-5431;REZINA
SAHARNA NOUĂ;MD-5432;REZINA
SĂIŢI;MD-4322;CĂUŞENI
SALCIA;MD-7231;ŞOLDĂNEŞTI
SALCIA;MD-7426;TARACLIA
SALCIA*;MD-6511;ANENII NOI
SĂLCUŢA;MD-4323;CĂUŞENI
SĂLCUŢA NOUĂ;MD-7717;CAUŞENI
ŞALVIRII NOI;MD-5226;DROCHIA
ŞALVIRII VECHI;MD-5231;DROCHIA
ŞAMALIA;MD-7336;CANTEMIR
SĂMĂNANCA;MD-3550;ORHEI
SĂMĂŞCANI;MD-7233;ŞOLDĂNEŞTI
SAMURZA;MD-7419;TARACLIA
SĂNĂTAUCA;MD-6648;FLOREŞTI
ŞAPTEBANI;MD-5638;RÎŞCANI
SĂRATA GALBENĂ;MD-3446;HÎNCEŞTI
SĂRATA NOUĂ;MD-5948;FĂLEŞTI
SĂRATA NOUĂ;MD-6324;LEOVA
SĂRATA RĂZEŞI;MD-6325;LEOVA
SĂRATA VECHE;MD-5947;FĂLEŞTI
SĂRATA-MEREŞENI;MD-3447;HÎNCEŞTI
SĂRĂŢEI;MD-5519;RÎBNIŢA TR.
SĂRĂTENI;MD-3440;HÎNCEŞTI
SĂRĂTENI;MD-6326;LEOVA
SĂRĂTENII NOI;MD-5838;TELENEŞTI
SĂRĂTENII VECHI;MD-5830;TELENEŞTI
SĂRĂŢICA NOUĂ;MD-6327;LEOVA
SĂRĂŢICA VECHE;MD-6332;LEOVA
SĂSENI;MD-4437;CĂLĂRAŞI
SĂTUC;MD-3927;CAHUL
SATUL NOU;MD-4128;CIMIŞLIA
SAUCA;MD-7133;OCNIŢA
SCĂIENI;MD-5134;DONDUŞENI
SCĂIENI;MD-5027;FLOREŞTI
SCHINENI;MD-3036;SOROCA
SCHINENII NOI;MD-3036;SOROCA
SCHINOŞICA;MD-4124;CIMIŞLIA
SCORENI;MD-3730;STRĂŞENI
SCORŢENI;MD-5831;TELENEŞTI
SCULENI;MD-3644;UNGHENI
SCUMPIA;MD-5949;FĂLEŞTI
SECĂRENI;MD-3448;HÎNCEŞTI
SECĂRENII NOI;MD-3448;HÎNCEŞTI
SELEMET;MD-4129;CIMIŞLIA
SELIŞTE;MD-6313;LEOVA
SELIŞTE;MD-6434;NISPORENI
SELIŞTE;MD-3545;ORHEI
SELIŞTEA NOUĂ;MD-4401;CĂLĂRAŞI
SELIŞTENI;MD-6438;NISPORENI
SEMENI;MD-3645;UNGHENI
SEMIONOVCA;MD-3452;HÎNCEŞTI
SEMIONOVCA;MD-4232;ŞTEFAN-VODĂ
ŞENDRENI;MD-6436;NISPORENI
ŞEPTELICI;MD-3042;SOROCA
ŞERCANI;MD-3544;ORHEI
SERGHEUCA;MD-5211;DROCHIA
SERGHIENI;MD-4912;GLODENI
ŞERPENI;MD-6534;ANENII NOI
ŞESTACI;MD-6230;SÎNGEREI
ŞESTACI;MD-7234;ŞOLDĂNEŞTI
ŞEVCENCO;MD-5525;RÎBNIŢA TR.
SEVERINOVCA;MD-6630;CAMENCA TR.
SEVIROVA;MD-5037;FLOREŞTI
ŞICOVĂŢ;MD-3637;UNGHENI
SINEŞTI;MD-3646;UNGHENI
SÎNGERA;MD-2091;CHIŞINĂU
SÎNGEREI;MD-6200;SÎNGEREI
SÎNGEREII NOI;MD-6238;SÎNGEREI
SINGURENI;MD-5645;RÎŞCANI
ŞIPCA;MD-4025;GRIGORIOPOL TR.
ŞIPCA;MD-7235;ŞOLDĂNEŞTI
SIPOTENI;MD-4438;CĂLĂRAŞI
ŞIPOTENI;MD-3451;HÎNCEŞTI
ŞIRĂUŢI;MD-4736;BRICENI
SÎRBEŞTI;MD-5031;FLOREŞTI
SÎRCOVA;MD-5433;REZINA
SÎRMA;MD-6328;LEOVA
SIROTA;MD-3546;ORHEI
ŞIŞCANI;MD-6437;NISPORENI
SLOBODCA;MD-4639;EDINEŢ
SLOBOZIA;MD-5700;SLOBOZIA TR.
SLOBOZIA;MD-4233;ŞTEFAN-VODĂ
SLOBOZIA MARE;MD-5320;CAHUL
SLOBOZIA-CHIŞCĂRENI;MD-6239;SÎNGEREI
SLOBOZIA-CREMENE;MD-3037;SOROCA
SLOBOZIA-DUŞCA;MD-4838;CRIULENI
SLOBOZIA-HODOROGIA;MD-3512;ORHEI
SLOBOZIA-HORODIŞTE;MD-5419;ORHEI
SLOBOZIA-MĂGURA;MD-6215;SÎNGEREI
SLOBOZIA-MEDVEJA;MD-4733;BRICENI
SLOBOZIA-NOUĂ;MD-5135;SOROCA
SLOBOZIA-RAŞCOV;MD-6631;CAMENCA TR.
SLOBOZIA-RECEA;MD-5636;RÎŞCANI
SLOBOZIA-RIŞĂUŢI;MD-4737;BRICENI
SLOBOZIA-VĂRĂNCĂU;MD-3038;SOROCA
SLOVEANCA;MD-6212;SÎNGEREI
ŞMALENA;MD-5511;RÎBNIŢA TR.
SOBARI;MD-3039;SOROCA
SOCII NOI;MD-5914;FĂLEŞTI
SOCII VECHI;MD-5914;FĂLEŞTI
SOCITENI;MD-6826;IALOVENI
SOCOLA;MD-7232;ŞOLDĂNEŞTI
SOCOLENI;MD-6532;ANENII NOI
SOCOLOVCA;MD-6628;CAMENCA TR.
SOFIA;MD-5235;DROCHIA
SOFIA;MD-3449;HÎNCEŞTI
SOFIEVCA;MD-7412;TARACLIA
ŞOFRANOVCA;MD-7320;CANTEMIR
ŞOFRÎNCANI;MD-4641;EDINEŢ
ŞOLCANI;MD-3043;SOROCA
ŞOLDĂNEŞTI;MD-7200;ŞOLDĂNEŞTI
SOLNECINOE;MD-6601;CAMENCA TR.
SOLONCENI;MD-5434;REZINA
SOLONEŢ;MD-3040;SOROCA
SOLTĂNEŞTI;MD-6435;NISPORENI
ŞOLTOAIA;MD-5922;FĂLEŞTI
SOROCA;MD-4901;GLODENI
SOROCA;MD-3000;SOROCA
SOVIETSCOE;MD-5531;RÎBNIŢA TR.
SPEIA;MD-6533;ANENII NOI
SPEIA;MD-4024;GRIGORIOPOL TR.
SPICOASA;MD-3916;CAHUL
STĂLINEŞTI;MD-7118;OCNIŢA
STANISLAVCA;MD-5522;RÎBNIŢA TR.
STĂUCENI;MD-4839;CHIŞINĂU
ŞTEFĂNEŞTI;MD-4325;CĂUŞENI
ŞTEFĂNEŞTI;MD-5038;FLOREŞTI
ŞTEFĂNEŞTI;MD-4236;ŞTEFAN-VODĂ
ŞTEFAN-VODĂ;MD-4200;ŞTEFAN-VODĂ
STEJĂRENI;MD-3721;STRĂŞENI
STEPANOVCA;MD-5222;DROCHIA
STEP-SOCI;MD-3547;ORHEI
STEŢCANI;MD-4840;CRIULENI
STÎRCEA;MD-4901;GLODENI
STÎRCENI;MD-5023;FLOREŞTI
ŞTIUBEIENI;MD-5642;RÎŞCANI
STOHNAIA;MD-5400;REZINA
STOIANOVCA;MD-7335;CANTEMIR
STOICANI;MD-3041;SOROCA
STOLNICENI;MD-4640;EDINEŢ
STOLNICENI;MD-3450;HÎNCEŞTI
STOLNICENI;MD-3647;UNGHENI
STRĂISTENI;MD-6812;CHIŞINĂU
STRĂŞENI;MD-3700;STRĂŞENI
STRIEŢI;MD-3731;STRĂŞENI
STRÎMBENI;MD-3441;HÎNCEŞTI
STROIEŞTI;MD-5532;RÎBNIŢA TR.
STURZENI;MD-5639;RÎŞCANI
STURZOVCA;MD-4931;GLODENI
SUCLEIA;MD-5725;SLOBOZIA TR.
SUCLEIA 1;MD-5726;SLOBOZIA TR.
SUDARCA;MD-5136;DONDUŞENI
SUHAIA RÎBNIŢA;MD-5515;RÎBNIŢA TR.
SUHAT;MD-7313;CANTEMIR
SUHULUCENI;MD-5832;TELENEŞTI
ŞUMNA;MD-5640;RÎŞCANI
SURCHICENI;MD-7729;CĂUŞENI
ŞURI;MD-5232;DROCHIA
SURIC;MD-4130;CIMIŞLIA
ŞURII NOI;MD-5201;DROCHIA
SURUCENI;MD-6827;IALOVENI
SUSLENI;MD-3548;ORHEI
SUVOROVCA;MD-5942;FĂLEŞTI
SVERDIAC;MD-5637;RÎŞCANI
SVERIDA;MD-4422;CĂLĂRAŞI
SVETLĂI;MD-3822;COMRAT
TABANI;MD-4738;BRICENI
TABĂRA;MD-3549;ORHEI
ŢAHNĂUŢI;MD-5437;REZINA
TĂLĂIEŞTI;MD-3423;HÎNCEŞTI
TALMAZA 1;MD-4237;ŞTEFAN-VODĂ
TALMAZA 2;MD-4238;ŞTEFAN-VODĂ
ŢAMBULA;MD-6241;SÎNGEREI
TĂNĂTARI;MD-4324;CĂUŞENI
TĂNĂTARII NOI;MD-4325;CĂUŞENI
ŢAPOC;MD-5936;FĂLEŞTI
TARACLIA;MD-7337;CANTEMIR
TARACLIA;MD-7344;CANTEMIR
TARACLIA;MD-7730;CĂUŞENI
TARACLIA;MD-7400;TARACLIA
TARACLIA DE SALCIE;MD-3926;CAHUL
ŢĂRĂNCUŢA;MD-7316;CANTEMIR
TARASOVA;MD-5435;REZINA
ŢAREUCA;MD-5438;REZINA
ŢARIGRAD;MD-5233;DROCHIA
TARTAUL;MD-7338;CANTEMIR
TARTAUL DE SALCIE;MD-3930;CAHUL
TAŞLÎC;MD-4026;GRIGORIOPOL TR.
TĂTĂRĂŞENI;MD-7339;CANTEMIR
TĂTĂRĂUCA NOUĂ;MD-5137;SOROCA
TĂTĂRĂUCA VECHE;MD-5138;SOROCA
TĂTĂREŞTI;MD-3931;CAHUL
TĂTĂREŞTI;MD-3732;STRĂŞENI
ŢAUL;MD-5141;DONDUŞENI
TAURA NOUĂ;MD-6240;SÎNGEREI
TAURA VECHE;MD-6240;SÎNGEREI
TAXOBENI;MD-5920;FĂLEŞTI
TEIU;MD-4027;GRIGORIOPOL TR.
TELENEŞTI;MD-5800;TELENEŞTI
TELEŞEU;MD-3550;ORHEI
TELEŞEUCA;MD-5139;DONDUŞENI
TELEŞEUCA NOUĂ;MD-5139;DONDUŞENI
TELIŢA;MD-6535;ANENII NOI
TELIŢA NOUĂ*;MD-6535;ANENII NOI
TEMELEUŢI;MD-4439;CĂLĂRAŞI
TEMELEUŢI;MD-6649;FLOREŞTI
ŢEPILOVA;MD-3045;SOROCA
TEREBNA;MD-4642;EDINEŢ
TEŞCURENI;MD-3648;UNGHENI
TEŢCANI;MD-4739;BRICENI
ŢIBIRICA;MD-4440;CĂLĂRAŞI
ŢÎBULEUCA;MD-4524;DUBĂSARI TR.
ŢIGANCA;MD-7341;CANTEMIR
ŢIGANCA NOUĂ;MD-7341;CANTEMIR
ŢIGĂNEŞTI;MD-3734;STRĂŞENI
TIGHECI;MD-6329;LEOVA
ŢIGHIRA;MD-3624;UNGHENI
ŢÎNŢĂRENI;MD-6538;ANENII NOI
ŢÎNŢĂRENI;MD-5834;TELENEŞTI
ŢIPALA;MD-6828;IALOVENI
ŢIPLEŞTI;MD-6242;SÎNGEREI
ŢIPLETEŞTI;MD-6242;SÎNGEREI
ŢIPORDEI;MD-6651;FLOREŞTI
ŢIPOVA;MD-5421;REZINA
ŢÎRA;MD-5021;FLOREŞTI
TIRASPOL;MD-3300;TIRASPOL TR.
TIRASPOLUL NOU;MD-3311;TIRASPOL TR.
TÎRGUL-VESTIUJENI;MD-6650;FLOREŞTI
TÎRNAUCA;MD-5727;SLOBOZIA TR.
TÎRNOVA;MD-5140;DONDUŞENI
TÎRNOVA;MD-4643;EDINEŢ
TÎRŞIŢEI;MD-5833;TELENEŞTI
TÎRZIENI;MD-3536;ORHEI
TOCENI;MD-7340;CANTEMIR
TOCHILE-RĂDUCANI;MD-6330;LEOVA
TOCMAGIU;MD-4027;GRIGORIOPOL TR.
TOCUZ;MD-4326;CĂUŞENI
TODIREŞTI;MD-6536;ANENII NOI
TODIREŞTI;MD-3649;UNGHENI
TOHATIN;MD-2092;CHIŞINĂU
ŢOLICA;MD-7324;CANTEMIR
TOLOCĂNEŞTI;MD-5128;SOROCA
TOMAI;MD-6116;CEADÎR-LUNGA
TOMAI;MD-6331;LEOVA
TOMAIUL NOU;MD-6332;LEOVA
TOMEŞTII NOI;MD-4934;GLODENI
TOMEŞTII VECHI;MD-4912;GLODENI
TOPALA;MD-4131;CIMIŞLIA
TREBISĂUŢI;MD-4740;BRICENI
TREBUJENI;MD-3552;ORHEI
TRESTIENI;MD-4741;BRICENI
TRETEŞTI;MD-3933;CAHUL
TRICOLICI;MD-4311;CĂUŞENI
TRIFĂNEŞTI;MD-5039;FLOREŞTI
TRIFĂNEŞTI;MD-6238;SÎNGEREI
TRIFĂUŢI;MD-3044;SOROCA
TRIFEŞTI;MD-5436;REZINA
TRIFEŞTII NOI;MD-3926;CAHUL
TRINCA;MD-4644;EDINEŢ
TROIAN;MD-6333;LEOVA
TROIŢA;MD-6333;LEOVA
TROIŢA NOUĂ;MD-6537;ANENII NOI
TROIŢCOE;MD-6716;CIMIŞLIA
TRUŞENI;MD-3733;CHIŞINĂU
TUDORA;MD-4239;ŞTEFAN-VODĂ
TUDOREŞTI;MD-3930;CAHUL
TUZARA;MD-4401;CĂLĂRAŞI
TVARDIŢA;MD-7422;TARACLIA
UCRAINCA;MD-4327;CĂUŞENI
UIUTNOE;MD-5728;SLOBOZIA TR.
ULMU;MD-6829;IALOVENI
ULMU;MD-5533;RÎBNIŢA TR.
ULMUL MIC;MD-5533;RÎBNIŢA TR.
UNCHITEŞTI;MD-6642;FLOREŞTI
UNGHENI;MD-3600;UNGHENI
UNGURI;MD-7134;OCNIŢA
UNTENI;MD-5927;FĂLEŞTI
UNTEŞTI;MD-3650;UNGHENI
URSARI;MD-4415;CĂLĂRAŞI
URSOAIA;MD-3932;CAHUL
URSOAIA;MD-4328;CĂUŞENI
URSOAIA NOUĂ;MD-4325;CĂUŞENI
USTIA;MD-4580;DUBĂSARI
USTIA;MD-4932;GLODENI
UŞUREI;MD-5641;RÎŞCANI
VĂDENI;MD-3047;SOROCA
VADUL LUI ISAC;MD-5321;CAHUL
VADUL LUI VODĂ;MD-2046;CHIŞINĂU
VADUL TURCULUI;MD-5534;RÎBNIŢA TR.
VĂDULENI;MD-4814;CHIŞINĂU
VADUL-LECA;MD-5814;TELENEŞTI
VADUL-LECA NOU;MD-5814;TELENEŞTI
VADUL-RAŞCOV;MD-7236;ŞOLDĂNEŞTI
VĂLCINEŢ;MD-4441;CĂLĂRAŞI
VĂLCINEŢ;MD-7135;OCNIŢA
VALEA;MD-3039;SOROCA
VALEA ADÎNCĂ;MD-6635;CAMENCA TR.
VALEA COLONIŢEI;MD-4820;CRIULENI
VALEA FLORII;MD-3446;HÎNCEŞTI
VALEA LUI VLAD;MD-6224;SÎNGEREI
VALEA MARE;MD-3651;UNGHENI
VALEA NÎRNOVEI;MD-6433;NISPORENI
VALEA NOROCULUI;MD-6243;SÎNGEREI
VALEA PERJEI;MD-4132;CIMIŞLIA
VALEA PERJEI;MD-7427;TARACLIA
VALEA RĂDOAIEI;MD-5031;FLOREŞTI
VALEA RUSULUI;MD-5951;FĂLEŞTI
VALEA SATULUI;MD-4820;CRIULENI
VALEA TRESTIENI;MD-6438;NISPORENI
VALEA VERDE;MD-4226;CĂUŞENI
VĂLENI;MD-5322;CAHUL
VANCICĂUŢI;MD-7115;EDINEŢ
VANŢINA;MD-3030;SOROCA
VANŢINA MICĂ;MD-3030;SOROCA
VĂRĂNCĂU;MD-5535;RÎBNIŢA TR.
VĂRĂNCĂU;MD-3048;SOROCA
VĂRATIC;MD-7731;IALOVENI
VĂRATIC;MD-5643;RÎŞCANI
VARNIŢA;MD-3251;BENDER TR.
VARNIŢA 2;MD-6539;ANENII NOI
VĂRVĂREUCA;MD-5040;FLOREŞTI
VĂRZĂREŞTI;MD-6439;NISPORENI
VĂRZĂREŞTII NOI;MD-4442;CĂLĂRAŞI
VĂSCĂUŢI;MD-6652;FLOREŞTI
VASIENI;MD-6830;IALOVENI
VĂSIENI;MD-5835;TELENEŞTI
VASILCĂU;MD-3046;SOROCA
VASILEUŢI;MD-5642;RÎŞCANI
VASILIEVCA;MD-4512;DUBĂSARI TR.
VASILIEVCA;MD-5531;RÎBNIŢA TR.
VATICI;MD-3553;ORHEI
VATRA;MD-2055;CHIŞINĂU
VEREJENI;MD-7136;OCNIŢA
VEREJENI;MD-5836;TELENEŞTI
VERTIUJENI;MD-6653;FLOREŞTI
VESIOLOE;MD-4028;GRIGORIOPOL TR.
VEVERIŢA;MD-3631;UNGHENI
VICTORIA;MD-6326;LEOVA
VICTOROVCA;MD-7318;CANTEMIR
VIIŞOARA;MD-4645;EDINEŢ
VIIŞOARA;MD-4933;GLODENI
VIIŞOARA;MD-4240;ŞTEFAN-VODĂ
VÎLCELE;MD-7340;CANTEMIR
VÎNĂTORI;MD-6440;NISPORENI
VINOGRADNOE;MD-4029;GRIGORIOPOL TR.
VINOGRADOVCA;MD-7426;TARACLIA
VÎPROVA;MD-3554;ORHEI
VÎŞCĂUŢI;MD-3555;ORHEI
VIŞNIOVCA;MD-7342;CANTEMIR
VISOCA;MD-5142;SOROCA
VLADIMIREUCA;MD-6235;SÎNGEREI
VLADIMIROVCA;MD-5317;CAHUL
VLADIMIROVCA;MD-5536;RÎBNIŢA TR.
VLADIMIROVCA;MD-5728;SLOBOZIA TR.
VOINESCU;MD-3452;HÎNCEŞTI
VOINOVA;MD-3735;STRĂŞENI
VOITOVCA;MD-6617;CAMENCA TR.
VOLINTIRI;MD-4241;ŞTEFAN-VODĂ
VOLOAVE;MD-3049;SOROCA
VOLODENI;MD-4615;EDINEŢ
VOLOVIŢA;MD-3050;SOROCA
VORNICENI;MD-3736;STRĂŞENI
VORNICENI-1;MD-3737;STRĂŞENI
VOROTEŞ;MD-3556;ORHEI
VOZNESENI;MD-6334;LEOVA
VRĂNEŞTI;MD-5928;FĂLEŞTI
VRĂNEŞTI;MD-6201;SÎNGEREI
VULCĂNEŞTI;MD-5301;COMRAT
VULCĂNEŞTI;MD-6421;NISPORENI
VULCĂNEŞTI ST;MD-5354;COMRAT
VULPEŞTI;MD-3634;UNGHENI
ZĂBRÎCENI;MD-4646;EDINEŢ
ZAGARANCEA;MD-3652;UNGHENI
ZAHAREUCA;MD-5830;TELENEŞTI
ZAHORENI;MD-5439;ORHEI
ZAHORNA;MD-5714;SLOBOZIA TR.
ZAHORNA;MD-7229;ŞOLDĂNEŞTI
ZĂICANA;MD-4841;CRIULENI
ZĂICANI;MD-5644;RÎŞCANI
ZĂICANI VECHI;MD-5829;TELENEŞTI
ZĂICANII NOI;MD-5829;TELENEŞTI
ZAIM;MD-4329;CĂUŞENI
ZĂLUCENI;MD-6654;FLOREŞTI
ZAMCIOGI;MD-3738;STRĂŞENI
ZAPOROJEŢ;MD-5525;RÎBNIŢA TR.
ZAROJENI;MD-5024;FLOREŞTI
ZASTÎNCA;MD-3051;SOROCA
ZĂZULENI;MD-5530;RÎBNIŢA TR.
ZĂZULENII NOI;MD-3639;UNGHENI
ZĂZULENII VECHI;MD-3639;UNGHENI
ZBEROAIA;MD-6441;NISPORENI
ZGĂRDEŞTI;MD-5837;TELENEŞTI
ZGURIŢA;MD-5234;DROCHIA
ZÎMBRENI;MD-6831;IALOVENI
ZÎRNEŞTI;MD-3933;CAHUL
ZLOŢI;MD-7718;CIMIŞLIA
ZOLOTIEVCA;MD-7723;ANENII NOI
ZORILE;MD-3557;ORHEI
ZUBREŞTI;MD-3739;STRĂŞENI
ZVIOZDOCICA;MD-4327;CĂUŞENI
